Master Record Number,Date,Weekend?,Hour,Collision Type,Injury Type,Primary Factor,Reported_Location,Latitude,Longitude,Location,Number of Bars,Weather Condition,Severity,geometry,area_number
902579173,2015-12-02,Weekday,14:00:00,2-Car,No injury/unknown,FAILURE TO YIELD RIGHT OF WAY,S ACADIA,39.13459495,-86.51912704,"39.13459495,-86.51912704",1,Clear,1,POINT (-86.51912704 39.13459495),0
902418409,2015-03-03,Weekday,11:00:00,2-Car,No injury/unknown,FOLLOWING TOO CLOSELY,W 3RD & WESTPLEX,39.16440971,-86.55389986,"39.16440971,-86.55389986",10,Cloudy,1,POINT (-86.55389986 39.16440971),0
902542274,2015-10-02,Weekday,19:00:00,2-Car,No injury/unknown,FAILURE TO YIELD RIGHT OF WAY,EAST 5TH & NORTH CLARK,39.16681029,-86.50497972,"39.16681029,-86.50497972",6,Clear,1,POINT (-86.50497972 39.16681029),0
902462253,2015-06-04,Weekday,11:00:00,2-Car,No injury/unknown,FOLLOWING TOO CLOSELY,GORDON & OLD STATE ROAD 37,39.121552,-86.531296,"39.121552,-86.531296",0,Clear,1,POINT (-86.531296 39.121552),0
902412595,2015-03-05,Weekday,19:00:00,3+ Cars,No injury/unknown,RAN OFF ROAD RIGHT,BURMA,39.141616,-86.542032,"39.141616,-86.542032",2,Overcast,1,POINT (-86.542032 39.141616),0
902486880,2015-07-04,Weekday,11:00:00,2-Car,No injury/unknown,FOLLOWING TOO CLOSELY,DUNCAN & SR45W,39.13467187,-86.59671551,"39.13467187,-86.59671551",0,Cloudy,1,POINT (-86.59671551 39.13467187),0
902367995,2015-01-03,Weekday,10:00:00,2-Car,No injury/unknown,UNSAFE BACKING,RAPPEL,39.18768311,-86.54618835,"39.18768311,-86.54618835",0,Patchy moderate snow,1,POINT (-86.54618835 39.18768311),0
902397489,2015-02-04,Weekday,20:00:00,3+ Cars,No injury/unknown,FOLLOWING TOO CLOSELY,BUICK CADILLAC & COLLEGE MALL,39.15816,-86.497792,"39.15816,-86.497792",6,Clear,1,POINT (-86.497792 39.15816),0
902364412,2015-01-06,Weekend,23:00:00,2-Car,Non-incapacitating,DISREGARD SIGNAL/REG SIGN,BASSWOOD & BLOOMFIELD,39.14978027,-86.56889006,"39.14978027,-86.56889006",2,Light freezing rain,2,POINT (-86.56889006 39.14978027),0
902411471,2015-03-03,Weekday,12:00:00,1-Car,No injury/unknown,OTHER (ENVIRONMENTAL) - EXPLAIN IN NARR,DANIELS,39.16671172,-86.59908838,"39.16671172,-86.59908838",2,Cloudy,1,POINT (-86.59908838 39.16671172),0
902423301,2015-04-05,Weekday,09:00:00,Bus,No injury/unknown,FAILURE TO YIELD RIGHT OF WAY,3RD & COLLEGE,39.16464,-86.534816,"39.16464,-86.534816",42,Clear,1,POINT (-86.534816 39.16464),0
902389546,2015-02-05,Weekday,08:00:00,2-Car,No injury/unknown,FAILURE TO YIELD RIGHT OF WAY,N CURRY & W VERNAL,39.179248,-86.5832,"39.179248,-86.5832",4,Clear,1,POINT (-86.5832 39.179248),0
902503413,2015-08-04,Weekday,14:00:00,2-Car,Non-incapacitating,FOLLOWING TOO CLOSELY,SR37 & WEST 3RD,39.164752,-86.573104,"39.164752,-86.573104",5,Clear,2,POINT (-86.573104 39.164752),0
902502080,2015-08-02,Weekday,03:00:00,1-Car,No injury/unknown,RAN OFF ROAD RIGHT,JOHN YOUNG & SHILO,39.26518382,-86.43351561,"39.26518382,-86.43351561",0,Clear,1,POINT (-86.43351561 39.26518382),0
902604954,2015-10-01,Weekend,12:00:00,2-Car,No injury/unknown,UNSAFE LANE MOVEMENT,ATWATER & MITCHELL,39.16308001,-86.5141797,"39.16308001,-86.5141797",14,Clear,1,POINT (-86.5141797 39.16308001),0
902545685,2015-10-01,Weekday,20:00:00,2-Car,Incapacitating,,E MORNINGSIDE & N SMITH,39.166432,-86.4812,"39.166432,-86.4812",5,Clear,2,POINT (-86.4812 39.166432),0
902606125,2015-12-05,Weekday,14:00:00,2-Car,No injury/unknown,FOLLOWING TOO CLOSELY,E 4TH & WALNUT,39.165648,-86.5336,"39.165648,-86.5336",42,Clear,1,POINT (-86.5336 39.165648),0
902397371,2015-02-04,Weekday,16:00:00,2-Car,No injury/unknown,UNSAFE LANE MOVEMENT,SR446S & SR46E,39.135648,-86.462,"39.135648,-86.462",0,Clear,1,POINT (-86.462 39.135648),0
902595367,2015-12-01,Weekday,22:00:00,2-Car,No injury/unknown,IMPROPER TURNING,E 3RD,39.16423674,-86.49805388,"39.16423674,-86.49805388",5,Overcast,1,POINT (-86.49805388 39.16423674),0
902387451,2015-02-04,Weekday,14:00:00,2-Car,No injury/unknown,OTHER (DRIVER) - EXPLAIN IN NARRATIVE,EAST 7TH,39.168752,-86.5436,"39.168752,-86.5436",42,Clear,1,POINT (-86.5436 39.168752),0
902432313,2015-04-03,Weekday,08:00:00,2-Car,No injury/unknown,FAILURE TO YIELD RIGHT OF WAY,LIBERTY & STATE ROAD 45,39.25071158,-86.57777018,"39.25071158,-86.57777018",0,Heavy rain at times,1,POINT (-86.57777018 39.25071158),0
902459199,2015-06-06,Weekday,11:00:00,1-Car,No injury/unknown,RAN OFF ROAD RIGHT,MONROE DAM & VALLEY MISSION,39.009344,-86.510096,"39.009344,-86.510096",0,Clear,1,POINT (-86.510096 39.009344),0
902372716,2015-01-03,Weekday,03:00:00,2-Car,No injury/unknown,OTHER (DRIVER) - EXPLAIN IN NARRATIVE,CHANDLER & RENEE,39.23488,-86.616736,"39.23488,-86.616736",1,Patchy moderate snow,1,POINT (-86.616736 39.23488),0
902586277,2015-12-07,Weekend,16:00:00,2-Car,No injury/unknown,IMPROPER PASSING,3RD & COLLEGE MALL,39.16424,-86.4984,"39.16424,-86.4984",6,Patchy rain possible,1,POINT (-86.4984 39.16424),0
902571447,2015-11-03,Weekday,06:00:00,1-Car,No injury/unknown,ANIMAL/OBJECT IN ROADWAY,INGRAM & SR37S,38.99338926,-86.53726441,"38.99338926,-86.53726441",0,Clear,1,POINT (-86.53726441 38.99338926),0
902442493,2015-05-07,Weekend,15:00:00,2-Car,No injury/unknown,UNSAFE BACKING,E 17TH,39.179008,-86.525888,"39.179008,-86.525888",33,Clear,1,POINT (-86.525888 39.179008),0
902493439,2015-08-02,Weekday,12:00:00,2-Car,No injury/unknown,OTHER (DRIVER) - EXPLAIN IN NARRATIVE,S LIBERTY & W 3RD,39.16461021,-86.57913006,"39.16461021,-86.57913006",5,Clear,1,POINT (-86.57913006 39.16461021),0
902446794,2015-05-02,Weekday,00:00:00,1-Car,No injury/unknown,ANIMAL/OBJECT IN ROADWAY,FOX HOLLOW & SR37N,39.28536159,-86.52063038,"39.28536159,-86.52063038",0,Clear,1,POINT (-86.52063038 39.28536159),0
902407181,2015-03-02,Weekday,12:00:00,2-Car,No injury/unknown,UNSAFE LANE MOVEMENT,N BRYANTS CREEK & SR37N,39.33204816,-86.51427777,"39.33204816,-86.51427777",0,Partly cloudy,1,POINT (-86.51427777 39.33204816),0
902484784,2015-07-07,Weekend,21:00:00,2-Car,No injury/unknown,IMPROPER LANE USAGE,ST RD 45 46,39.186352,-86.531696,"39.186352,-86.531696",2,Partly cloudy,1,POINT (-86.531696 39.186352),0
902446248,2015-05-07,Weekend,13:00:00,2-Car,No injury/unknown,FAILURE TO YIELD RIGHT OF WAY,11TH & ROGERS,39.173184,-86.538528,"39.173184,-86.538528",40,Clear,1,POINT (-86.538528 39.173184),0
902487088,2015-07-04,Weekday,19:00:00,2-Car,Non-incapacitating,FAILURE TO YIELD RIGHT OF WAY,GATES & WEST THIRD,39.16459009,-86.57619975,"39.16459009,-86.57619975",5,Cloudy,2,POINT (-86.57619975 39.16459009),0
902440959,2015-05-03,Weekday,23:00:00,1-Car,No injury/unknown,ANIMAL/OBJECT IN ROADWAY,S HARMONY & SR45W,39.11068027,-86.638854,"39.11068027,-86.638854",0,Clear,1,POINT (-86.638854 39.11068027),0
902468608,2015-06-02,Weekday,21:00:00,Cyclist,Non-incapacitating,IMPROPER TURNING,E 3RD & S HILLSDALE,39.164272,-86.502416,"39.164272,-86.502416",6,Partly cloudy,2,POINT (-86.502416 39.164272),0
902572978,2015-11-07,Weekend,18:00:00,2-Car,No injury/unknown,SPEED TOO FAST FOR WEATHER CONDITIONS,WALNUT STREET & WINSLOW,39.1359897,-86.52879975,"39.1359897,-86.52879975",1,Cloudy,1,POINT (-86.52879975 39.1359897),0
902552046,2015-11-01,Weekday,21:00:00,1-Car,Incapacitating,RAN OFF ROAD RIGHT,E CHAMBERS,39.30432,-86.5168,"39.30432,-86.5168",0,Overcast,2,POINT (-86.5168 39.30432),0
902413423,2015-03-05,Weekday,13:00:00,2-Car,No injury/unknown,FOLLOWING TOO CLOSELY,FLATWOODS & SR46W,39.25347374,-86.65441007,"39.25347374,-86.65441007",0,Overcast,1,POINT (-86.65441007 39.25347374),0
902443426,2015-05-02,Weekday,13:00:00,1-Car,Incapacitating,RAN OFF ROAD RIGHT,SR45E & TUNNEL,39.23075611,-86.42494389,"39.23075611,-86.42494389",0,Clear,2,POINT (-86.42494389 39.23075611),0
902430569,2015-04-06,Weekday,18:00:00,Moped/Motorcycle,Incapacitating,RAN OFF ROAD RIGHT,EAST SALT CREEK & SR446,39.0884819,-86.42079925,"39.0884819,-86.42079925",0,Clear,2,POINT (-86.42079925 39.0884819),0
902383811,2015-01-06,Weekday,16:00:00,3+ Cars,Incapacitating,DISREGARD SIGNAL/REG SIGN,EAST 17TH & SR46,39.17979888,-86.50723113,"39.17979888,-86.50723113",1,Light freezing rain,2,POINT (-86.50723113 39.17979888),0
902475976,2015-07-03,Weekday,10:00:00,2-Car,No injury/unknown,SPEED TOO FAST FOR WEATHER CONDITIONS,3RD & INDIANA,39.164448,-86.5268,"39.164448,-86.5268",43,Moderate or heavy rain shower,1,POINT (-86.5268 39.164448),0
902382482,2015-01-04,Weekday,15:00:00,3+ Cars,Non-incapacitating,BRAKE FAILURE OR DEFECTIVE,CORY & THIRD,39.164544,-86.560096,"39.164544,-86.560096",4,Patchy rain possible,2,POINT (-86.560096 39.164544),0
902423612,2015-04-07,Weekend,10:00:00,2-Car,No injury/unknown,FAILURE TO YIELD RIGHT OF WAY,HICKORY LEAF & SR45W,39.14499486,-86.57788929,"39.14499486,-86.57788929",1,Patchy rain possible,1,POINT (-86.57788929 39.14499486),0
902524311,2015-09-01,Weekend,13:00:00,2-Car,No injury/unknown,UNSAFE LANE MOVEMENT,10TH & COLLEGE,39.171744,-86.534768,"39.171744,-86.534768",39,Partly cloudy,1,POINT (-86.534768 39.171744),0
902549756,2015-10-06,Weekday,14:00:00,2-Car,No injury/unknown,,123 S KINGSTON & LONGVIEW,39.166848,-86.4928,"39.166848,-86.4928",6,Clear,1,POINT (-86.4928 39.166848),0
902558378,2015-11-02,Weekday,14:00:00,2-Car,No injury/unknown,FAILURE TO YIELD RIGHT OF WAY,SHARP & SR46W,39.23585459,-86.62777953,"39.23585459,-86.62777953",1,Clear,1,POINT (-86.62777953 39.23585459),0
902500214,2015-08-07,Weekend,07:00:00,2-Car,Incapacitating,LEFT OF CENTER,OLD ST 37 & W HOBART,39.01368968,-86.5409537,"39.01368968,-86.5409537",0,Clear,2,POINT (-86.5409537 39.01368968),0
902505999,2015-08-02,Weekday,19:00:00,2-Car,Non-incapacitating,FOLLOWING TOO CLOSELY,10TH & JORDAN,39.171552,-86.515728,"39.171552,-86.515728",14,Clear,2,POINT (-86.515728 39.171552),0
902483812,2015-07-06,Weekday,06:00:00,1-Car,No injury/unknown,ANIMAL/OBJECT IN ROADWAY,SR37S & TAPP,39.13978646,-86.57292991,"39.13978646,-86.57292991",1,Clear,1,POINT (-86.57292991 39.13978646),0
902552090,2015-11-02,Weekday,14:00:00,2-Car,Non-incapacitating,FAILURE TO YIELD RIGHT OF WAY,MILLER & WALNUT,39.14681026,-86.53250397,"39.14681026,-86.53250397",4,Clear,2,POINT (-86.53250397 39.14681026),0
902554125,2015-11-04,Weekday,12:00:00,2-Car,No injury/unknown,FAILURE TO YIELD RIGHT OF WAY,E WINSLOW & SO WALNUT STREET,39.136144,-86.528688,"39.136144,-86.528688",1,Clear,1,POINT (-86.528688 39.136144),0
902483339,2015-07-05,Weekday,13:00:00,2-Car,No injury/unknown,IMPROPER TURNING,LIBERTY,39.145152,-86.5776,"39.145152,-86.5776",1,Partly cloudy,1,POINT (-86.5776 39.145152),0
902503404,2015-08-04,Weekday,17:00:00,2-Car,Non-incapacitating,FAILURE TO YIELD RIGHT OF WAY,PROFILE & SR48W,39.1647376,-86.5925978,"39.1647376,-86.5925978",2,Clear,2,POINT (-86.5925978 39.1647376),0
902461010,2015-06-05,Weekday,15:00:00,Bus,No injury/unknown,UNSAFE LANE MOVEMENT,E 3RD & FACULTY,39.164352,-86.521088,"39.164352,-86.521088",41,Partly cloudy,1,POINT (-86.521088 39.164352),0
902578255,2015-12-01,Weekend,12:00:00,Bus,No injury/unknown,FAILURE TO YIELD RIGHT OF WAY,SALE & SR46W,39.23384,-86.624704,"39.23384,-86.624704",1,Overcast,1,POINT (-86.624704 39.23384),0
902538466,2015-10-03,Weekday,21:00:00,Pedestrian,Non-incapacitating,HEADLIGHT DEFECTIVE OR NOT ON,4TH & GRANT,39.165648,-86.529712,"39.165648,-86.529712",43,Heavy rain at times,2,POINT (-86.529712 39.165648),0
902398178,2015-02-05,Weekday,17:00:00,2-Car,No injury/unknown,FAILURE TO YIELD RIGHT OF WAY,DIXIE & FAIRVIEW,39.156752,-86.540976,"39.156752,-86.540976",41,Clear,1,POINT (-86.540976 39.156752),0
902463462,2015-06-02,Weekday,13:00:00,2-Car,No injury/unknown,IMPROPER TURNING,N WALNUT,39.16871445,-86.53356669,"39.16871445,-86.53356669",41,Partly cloudy,1,POINT (-86.53356669 39.16871445),0
902578478,2015-12-07,Weekend,21:00:00,1-Car,No injury/unknown,DRIVER ASLEEP OR FATIGUED,3315 E LONGVIEW & KINGSTON,39.166848,-86.4928,"39.166848,-86.4928",6,Patchy rain possible,1,POINT (-86.4928 39.166848),0
902540528,2015-10-06,Weekend,21:00:00,2-Car,No injury/unknown,FOLLOWING TOO CLOSELY,2ND & WALKER,39.16142978,-86.54614023,"39.16142978,-86.54614023",36,Clear,1,POINT (-86.54614023 39.16142978),0
902417101,2015-03-01,Weekend,14:00:00,2-Car,No injury/unknown,FOLLOWING TOO CLOSELY,2ND & PATTERSON,39.16074984,-86.54850997,"39.16074984,-86.54850997",33,Patchy moderate snow,1,POINT (-86.54850997 39.16074984),0
902445988,2015-05-06,Weekend,19:00:00,2-Car,No injury/unknown,UNSAFE BACKING,E 3RD,39.164272,-86.50177208,"39.164272,-86.50177208",6,Clear,1,POINT (-86.50177208 39.164272),0
902470606,2015-06-06,Weekday,18:00:00,2-Car,No injury/unknown,OTHER (DRIVER) - EXPLAIN IN NARRATIVE,CURRY & GIFFORD,39.156896,-86.582704,"39.156896,-86.582704",4,Clear,1,POINT (-86.582704 39.156896),0
902603734,2015-12-02,Weekday,07:00:00,1-Car,No injury/unknown,RAN OFF ROAD RIGHT,FAIRFAX & WALNUT STREET,39.10715819,-86.52650724,"39.10715819,-86.52650724",0,Clear,1,POINT (-86.52650724 39.10715819),0
902572065,2015-11-05,Weekday,20:00:00,2-Car,No injury/unknown,LEFT OF CENTER,CHAFIN CHAPEL & RED HILL,39.31249031,-86.63475975,"39.31249031,-86.63475975",0,Overcast,1,POINT (-86.63475975 39.31249031),0
902372873,2015-01-01,Weekend,11:00:00,1-Car,Non-incapacitating,ANIMAL/OBJECT IN ROADWAY,DELAP,39.250778,-86.615867,"39.250778,-86.615867",0,Clear,2,POINT (-86.615867 39.250778),0
902377198,2015-01-01,Weekend,09:00:00,1-Car,Incapacitating,SPEED TOO FAST FOR WEATHER CONDITIONS,FRIENDSHIP & SR46,39.15149145,-86.40317983,"39.15149145,-86.40317983",0,Clear,2,POINT (-86.40317983 39.15149145),0
902413711,2015-03-05,Weekday,20:00:00,1-Car,No injury/unknown,ANIMAL/OBJECT IN ROADWAY,WALCOTT & WOODYARD,39.20263934,-86.60293007,"39.20263934,-86.60293007",0,Overcast,1,POINT (-86.60293007 39.20263934),0
902547780,2015-10-03,Weekday,16:00:00,2-Car,No injury/unknown,SPEED TOO FAST FOR WEATHER CONDITIONS,S WALNUT & W GRIMES,39.15344,-86.5336,"39.15344,-86.5336",24,Heavy rain at times,1,POINT (-86.5336 39.15344),0
902413088,2015-03-06,Weekday,16:00:00,1-Car,No injury/unknown,UNSAFE BACKING,EAST 3RD,39.16464,-86.5324,"39.16464,-86.5324",43,Clear,1,POINT (-86.5324 39.16464),0
902420166,2015-03-06,Weekday,15:00:00,2-Car,No injury/unknown,FOLLOWING TOO CLOSELY,RANGE & SR46S,39.17522812,-86.49550628,"39.17522812,-86.49550628",5,Clear,1,POINT (-86.49550628 39.17522812),0
902538414,2015-10-02,Weekday,15:00:00,2-Car,No injury/unknown,FAILURE TO YIELD RIGHT OF WAY,S STRAIN RIDGE,39.07112,-86.507008,"39.07112,-86.507008",0,Clear,1,POINT (-86.507008 39.07112),0
902417363,2015-03-02,Weekday,07:00:00,2-Car,Non-incapacitating,FAILURE TO YIELD RIGHT OF WAY,S LEONARD SPRINGS & W LEONARD SPRINGS,39.126976,-86.582464,"39.126976,-86.582464",0,Partly cloudy,2,POINT (-86.582464 39.126976),0
902422365,2015-03-03,Weekday,21:00:00,2-Car,Incapacitating,LEFT OF CENTER,SR37 & VICTOR,39.10328611,-86.54911173,"39.10328611,-86.54911173",0,Cloudy,2,POINT (-86.54911173 39.10328611),0
902513424,2015-09-03,Weekday,10:00:00,2-Car,No injury/unknown,OTHER (DRIVER) - EXPLAIN IN NARRATIVE,6TH & GRANT,39.16743734,-86.529696,"39.16743734,-86.529696",42,Clear,1,POINT (-86.529696 39.16743734),0
902552395,2015-11-02,Weekday,18:00:00,2-Car,No injury/unknown,IMPROPER LANE USAGE,EAST HIGH & EAST MOORES,39.15048257,-86.50844643,"39.15048257,-86.50844643",4,Clear,1,POINT (-86.50844643 39.15048257),0
902428732,2015-04-03,Weekday,09:00:00,2-Car,No injury/unknown,DRIVER DISTRACTED - EXPLAIN IN NARRATIVE,HICKORY & SR48,39.164832,-86.585856,"39.164832,-86.585856",4,Heavy rain at times,1,POINT (-86.585856 39.164832),0
902451275,2015-05-03,Weekday,09:00:00,2-Car,Non-incapacitating,DISREGARD SIGNAL/REG SIGN,CURRY & SR 45,39.142048,-86.582592,"39.142048,-86.582592",1,Clear,2,POINT (-86.582592 39.142048),0
902480018,2015-07-03,Weekday,00:00:00,1-Car,No injury/unknown,SPEED TOO FAST FOR WEATHER CONDITIONS,4625 W GIFFORD & S ENDWRIGHT,39.151344,-86.5964,"39.151344,-86.5964",1,Moderate or heavy rain shower,1,POINT (-86.5964 39.151344),0
902379834,2015-01-07,Weekend,17:00:00,2-Car,No injury/unknown,FAILURE TO YIELD RIGHT OF WAY,7TH & WASHINGTON,39.16864,-86.5324,"39.16864,-86.5324",42,Overcast,1,POINT (-86.5324 39.16864),0
902406010,2015-03-02,Weekday,10:00:00,2-Car,No injury/unknown,UNSAFE BACKING,S LANDMARK,39.1593799,-86.5537101,"39.1593799,-86.5537101",7,Partly cloudy,1,POINT (-86.5537101 39.1593799),0
902469953,2015-06-06,Weekday,00:00:00,1-Car,No injury/unknown,SPEED TOO FAST FOR WEATHER CONDITIONS,S LEONARD SPRINGS & W LIZZY,39.1987365,-86.59514017,"39.1987365,-86.59514017",0,Clear,1,POINT (-86.59514017 39.1987365),0
902560116,2015-11-04,Weekday,12:00:00,2-Car,No injury/unknown,OTHER (DRIVER) - EXPLAIN IN NARRATIVE,N JACOBS,39.1702919,-86.57196044,"39.1702919,-86.57196044",5,Clear,1,POINT (-86.57196044 39.1702919),0
902425721,2015-04-04,Weekday,16:00:00,2-Car,No injury/unknown,FAILURE TO YIELD RIGHT OF WAY,LONGVIEW & PETE ELLIS,39.166944,-86.495056,"39.166944,-86.495056",6,Cloudy,1,POINT (-86.495056 39.166944),0
902446533,2015-05-01,Weekend,07:00:00,1-Car,No injury/unknown,ANIMAL/OBJECT IN ROADWAY,SR37N & TAPP,39.14390618,-86.57297357,"39.14390618,-86.57297357",1,Clear,1,POINT (-86.57297357 39.14390618),0
902552020,2015-11-02,Weekday,12:00:00,2-Car,No injury/unknown,FAILURE TO YIELD RIGHT OF WAY,3RD & SWAIN,39.16425012,-86.51525996,"39.16425012,-86.51525996",12,Clear,1,POINT (-86.51525996 39.16425012),0
902403245,2015-02-05,Weekday,18:00:00,2-Car,No injury/unknown,FOLLOWING TOO CLOSELY,SR45W,39.125312,-86.610496,"39.125312,-86.610496",0,Clear,1,POINT (-86.610496 39.125312),0
902403272,2015-02-05,Weekday,20:00:00,1-Car,No injury/unknown,OTHER (DRIVER) - EXPLAIN IN NARRATIVE,S OLD SR 37,39.137088,-86.53056,"39.137088,-86.53056",1,Clear,1,POINT (-86.53056 39.137088),0
902412120,2015-03-01,Weekend,00:00:00,3+ Cars,Non-incapacitating,DRIVER DISTRACTED - EXPLAIN IN NARRATIVE,SR46S & THIRD,39.16424006,-86.49827018,"39.16424006,-86.49827018",6,Patchy moderate snow,2,POINT (-86.49827018 39.16424006),0
902365759,2015-01-02,Weekday,07:00:00,2-Car,No injury/unknown,FAILURE TO YIELD RIGHT OF WAY,446 & SR46E,39.16692661,-86.4572165,"39.16692661,-86.4572165",0,Clear,1,POINT (-86.4572165 39.16692661),0
902492510,2015-08-07,Weekend,09:00:00,2-Car,No injury/unknown,FOLLOWING TOO CLOSELY,SR37N & VERNAL,39.176544,-86.5624,"39.176544,-86.5624",3,Clear,1,POINT (-86.5624 39.176544),0
902551297,2015-10-04,Weekday,21:00:00,1-Car,No injury/unknown,UNSAFE BACKING,W HENNESSEY,39.12535477,-86.55380249,"39.12535477,-86.55380249",0,Cloudy,1,POINT (-86.55380249 39.12535477),0
902453660,2015-05-06,Weekday,15:00:00,2-Car,Incapacitating,FOLLOWING TOO CLOSELY,SR37 & W VERNAL,39.176544,-86.5624,"39.176544,-86.5624",3,Clear,2,POINT (-86.5624 39.176544),0
902485653,2015-07-01,Weekday,19:00:00,2-Car,No injury/unknown,IMPROPER LANE USAGE,N WALNUT & W 7TH,39.16864,-86.533568,"39.16864,-86.533568",41,Clear,1,POINT (-86.533568 39.16864),0
902540330,2015-10-06,Weekday,11:00:00,Cyclist,Non-incapacitating,FAILURE TO YIELD RIGHT OF WAY,7TH & JORDAN,39.16916292,-86.51599183,"39.16916292,-86.51599183",18,Clear,2,POINT (-86.51599183 39.16916292),0
902595654,2015-12-02,Weekday,09:00:00,2-Car,No injury/unknown,UNSAFE BACKING,1800 N RANGE RD & RANGE,39.184208,-86.492816,"39.184208,-86.492816",1,Clear,1,POINT (-86.492816 39.184208),0
902519569,2015-09-03,Weekday,13:00:00,1-Car,No injury/unknown,ANIMAL/OBJECT IN ROADWAY,8500 LITTLE WOLF MOUNTAIN & MT CARMEL,39.08413996,-86.66274391,"39.08413996,-86.66274391",0,Clear,1,POINT (-86.66274391 39.08413996),0
902424706,2015-04-01,Weekday,21:00:00,1-Car,No injury/unknown,ANIMAL/OBJECT IN ROADWAY,SOUTH SHORE & TUNNEL,39.25155829,-86.41900164,"39.25155829,-86.41900164",0,Clear,1,POINT (-86.41900164 39.25155829),0