Master Record Number,Date,Weekend?,Hour,Collision Type,Injury Type,Primary Factor,Reported_Location,Latitude,Longitude,Location,Number of Bars,Weather Condition,Severity,geometry,area_number
902579815,2015-12-06,Weekday,16:00:00,2-Car,No injury/unknown,ENGINE FAILURE OR DEFECTIVE,W SIERRA,39.15266671,-86.58359594,"39.15266671,-86.58359594",2,Clear,1,POINT (-86.58359594 39.15266671),0
902569840,2015-11-02,Weekday,22:00:00,1-Car,No injury/unknown,UNSAFE SPEED,BARR & MT TABOR,39.273888,-86.621456,"39.273888,-86.621456",0,Clear,1,POINT (-86.621456 39.273888),0
902378525,2015-01-04,Weekday,18:00:00,1-Car,No injury/unknown,ANIMAL/OBJECT IN ROADWAY,ADAMS & ALLEN,39.155943,-86.55112098,"39.155943,-86.55112098",23,Patchy rain possible,1,POINT (-86.55112098 39.155943),0
902546099,2015-10-02,Weekday,11:00:00,2-Car,No injury/unknown,UNSAFE BACKING,S LIBERTY,39.145264,-86.577616,"39.145264,-86.577616",1,Clear,1,POINT (-86.577616 39.145264),0
902591166,2015-12-02,Weekday,19:00:00,2-Car,No injury/unknown,OTHER (DRIVER) - EXPLAIN IN NARRATIVE,SOUTH OLD STATE ROAD 37,39.120239,-86.52938,"39.120239,-86.52938",0,Clear,1,POINT (-86.52938 39.120239),0
902540116,2015-09-04,Weekday,13:00:00,2-Car,No injury/unknown,UNSAFE BACKING,3RD,39.16464,-86.56905455,"39.16464,-86.56905455",6,Clear,1,POINT (-86.56905455 39.16464),0
902558314,2015-11-02,Weekday,16:00:00,2-Car,Non-incapacitating,FOLLOWING TOO CLOSELY,E 10TH & S PETE ELLIS,39.171504,-86.495312,"39.171504,-86.495312",5,Clear,2,POINT (-86.495312 39.171504),0
902531964,2015-10-06,Weekday,15:00:00,2-Car,No injury/unknown,FAILURE TO YIELD RIGHT OF WAY,3RD & PETE ELLIS,39.16424,-86.495088,"39.16424,-86.495088",6,Clear,1,POINT (-86.495088 39.16424),0
902410684,2015-03-02,Weekday,14:00:00,2-Car,No injury/unknown,UNSAFE BACKING,NORTH FAIRVIEW & WEST KIRKWOOD,39.166704,-86.5408,"39.166704,-86.5408",43,Partly cloudy,1,POINT (-86.5408 39.166704),0
902520682,2015-09-07,Weekend,15:00:00,1-Car,No injury/unknown,SPEED TOO FAST FOR WEATHER CONDITIONS,CHAPEL HILL & SR446N,39.02483704,-86.40536989,"39.02483704,-86.40536989",0,Clear,1,POINT (-86.40536989 39.02483704),0
902390036,2015-02-07,Weekend,13:00:00,2-Car,No injury/unknown,FOLLOWING TOO CLOSELY,WALNUT & WINSLOW,39.136144,-86.528688,"39.136144,-86.528688",1,Clear,1,POINT (-86.528688 39.136144),0
902530796,2015-09-04,Weekday,23:00:00,2-Car,No injury/unknown,FAILURE TO YIELD RIGHT OF WAY,S ROGERS & W 2ND,39.16152,-86.538592,"39.16152,-86.538592",43,Clear,1,POINT (-86.538592 39.16152),0
902577974,2015-12-07,Weekend,19:00:00,1-Car,Incapacitating,UNSAFE SPEED,FISH & LYDY,39.284592,-86.479968,"39.284592,-86.479968",0,Patchy rain possible,2,POINT (-86.479968 39.284592),0
902412089,2015-03-04,Weekday,18:00:00,2-Car,No injury/unknown,FAILURE TO YIELD RIGHT OF WAY,INDRUSTRIAL & SR45W,39.14359867,-86.58030842,"39.14359867,-86.58030842",1,Heavy rain at times,1,POINT (-86.58030842 39.14359867),0
902528252,2015-09-07,Weekend,23:00:00,2-Car,No injury/unknown,UNSAFE LANE MOVEMENT,E 3RD & S HIGHLAND,39.16427024,-86.51772022,"39.16427024,-86.51772022",31,Clear,1,POINT (-86.51772022 39.16427024),0
902575106,2015-11-02,Weekday,09:00:00,2-Car,No injury/unknown,LEFT OF CENTER,BETHEL & SR45E,39.214406,-86.45631982,"39.214406,-86.45631982",0,Clear,1,POINT (-86.45631982 39.214406),0
902432124,2015-04-02,Weekday,07:00:00,2-Car,No injury/unknown,IMPROPER TURNING,E KIRKWOOD,39.16677127,-86.54552653,"39.16677127,-86.54552653",40,Clear,1,POINT (-86.54552653 39.16677127),0
902526293,2015-09-03,Weekday,17:00:00,2-Car,No injury/unknown,FOLLOWING TOO CLOSELY,3RD & CLIFTON,39.1642803,-86.50968968,"39.1642803,-86.50968968",6,Clear,1,POINT (-86.50968968 39.1642803),0
902403572,2015-02-06,Weekday,08:00:00,2-Car,No injury/unknown,FAILURE TO YIELD RIGHT OF WAY,E 10TH & N INDIANA,39.17168,-86.527024,"39.17168,-86.527024",40,Clear,1,POINT (-86.527024 39.17168),0
902561398,2015-11-06,Weekday,07:00:00,1-Car,No injury/unknown,OTHER (VEHICLE) - EXPLAIN IN NARRATIVE,PATTERSON,39.153488,-86.541496,"39.153488,-86.541496",25,Overcast,1,POINT (-86.541496 39.153488),0
902373417,2015-01-03,Weekday,17:00:00,2-Car,No injury/unknown,DISREGARD SIGNAL/REG SIGN,3RD & SR37,39.164752,-86.573104,"39.164752,-86.573104",5,Patchy moderate snow,1,POINT (-86.573104 39.164752),0
902535457,2015-10-03,Weekday,19:00:00,2-Car,No injury/unknown,OTHER (DRIVER) - EXPLAIN IN NARRATIVE,N BRYAN,39.14184,-86.5364,"39.14184,-86.5364",2,Heavy rain at times,1,POINT (-86.5364 39.14184),0
902524052,2015-09-07,Weekend,16:00:00,2-Car,No injury/unknown,UNSAFE LANE MOVEMENT,9TH & INDIANA,39.170544,-86.526992,"39.170544,-86.526992",40,Clear,1,POINT (-86.526992 39.170544),0
902375946,2015-01-07,Weekend,15:00:00,2-Car,No injury/unknown,UNSAFE BACKING,E 10TH,39.17168,-86.527024,"39.17168,-86.527024",40,Overcast,1,POINT (-86.527024 39.17168),0
902444540,2015-05-04,Weekday,12:00:00,2-Car,Non-incapacitating,DISREGARD SIGNAL/REG SIGN,SR37 & SR45W,39.148144,-86.572992,"39.148144,-86.572992",1,Clear,2,POINT (-86.572992 39.148144),0
902507438,2015-08-04,Weekday,03:00:00,2-Car,Incapacitating,LEFT OF CENTER,HARMONY & SR45W,39.111024,-86.638304,"39.111024,-86.638304",0,Clear,2,POINT (-86.638304 39.111024),0
902501150,2015-08-01,Weekend,17:00:00,2-Car,No injury/unknown,FAILURE TO YIELD RIGHT OF WAY,10TH & GRANT,39.171696,-86.529696,"39.171696,-86.529696",40,Clear,1,POINT (-86.529696 39.171696),0
902388643,2015-02-05,Weekday,22:00:00,2-Car,No injury/unknown,FAILURE TO YIELD RIGHT OF WAY,3RD & WALNUT,39.16464,-86.5336,"39.16464,-86.5336",42,Clear,1,POINT (-86.5336 39.16464),0
902501061,2015-08-01,Weekend,12:00:00,1-Car,Non-incapacitating,RAN OFF ROAD RIGHT,RATLIFF & THOMAS,38.8975569,-86.63040988,"38.8975569,-86.63040988",0,Clear,2,POINT (-86.63040988 38.8975569),0
902389058,2015-02-06,Weekday,11:00:00,2-Car,No injury/unknown,,BURKS,39.152352,-86.5064,"39.152352,-86.5064",6,Clear,1,POINT (-86.5064 39.152352),0
902430772,2015-04-07,Weekend,12:00:00,2-Car,No injury/unknown,FAILURE TO YIELD RIGHT OF WAY,RHORER & WALNUT STREET,39.12141994,-86.53134986,"39.12141994,-86.53134986",0,Patchy rain possible,1,POINT (-86.53134986 39.12141994),0
902514198,2015-09-05,Weekday,11:00:00,2-Car,No injury/unknown,DISREGARD SIGNAL/REG SIGN,10TH & SR46W,39.171648,-86.502096,"39.171648,-86.502096",5,Clear,1,POINT (-86.502096 39.171648),0
902403226,2015-02-02,Weekday,21:00:00,1-Car,No injury/unknown,UNSAFE SPEED,MT CARMEL & NORTH COUNTY LINE,39.296352,-86.684896,"39.296352,-86.684896",1,Light freezing rain,1,POINT (-86.684896 39.296352),0
902515407,2015-09-07,Weekend,10:00:00,2-Car,Non-incapacitating,FOLLOWING TOO CLOSELY,N COLLEGE & W 11TH,39.173232,-86.534752,"39.173232,-86.534752",39,Clear,2,POINT (-86.534752 39.173232),0
902456682,2015-06-05,Weekday,12:00:00,2-Car,No injury/unknown,UNSAFE BACKING,N BELL TRACE,39.16981973,-86.48916542,"39.16981973,-86.48916542",5,Partly cloudy,1,POINT (-86.48916542 39.16981973),0
902375867,2015-01-07,Weekend,12:00:00,2-Car,No injury/unknown,IMPROPER TURNING,JORDAN & THIRD,39.16427532,-86.51640856,"39.16427532,-86.51640856",19,Overcast,1,POINT (-86.51640856 39.16427532),0
902482778,2015-07-03,Weekday,16:00:00,2-Car,No injury/unknown,FAILURE TO YIELD RIGHT OF WAY,S FAIRFAX & SMITHVILLE,39.071152,-86.503088,"39.071152,-86.503088",0,Moderate or heavy rain shower,1,POINT (-86.503088 39.071152),0
902440814,2015-05-03,Weekday,18:00:00,Cyclist,Incapacitating,FAILURE TO YIELD RIGHT OF WAY,E RAMP CREEK & S FAIRFAX,39.07114998,-86.50319002,"39.07114998,-86.50319002",0,Clear,2,POINT (-86.50319002 39.07114998),0
902399407,2015-02-07,Weekend,11:00:00,2-Car,No injury/unknown,OTHER (DRIVER) - EXPLAIN IN NARRATIVE,N ROGERS,39.165696,-86.538592,"39.165696,-86.538592",43,Clear,1,POINT (-86.538592 39.165696),0
902427122,2015-04-06,Weekday,17:00:00,2-Car,No injury/unknown,DRIVER DISTRACTED - EXPLAIN IN NARRATIVE,6TH & ROGERS,39.16768,-86.538592,"39.16768,-86.538592",42,Clear,1,POINT (-86.538592 39.16768),0
902592578,2015-12-06,Weekday,11:00:00,3+ Cars,No injury/unknown,FOLLOWING TOO CLOSELY,3RD & COLLEGE MALL,39.16424,-86.4984,"39.16424,-86.4984",6,Clear,1,POINT (-86.4984 39.16424),0
902386362,2015-02-03,Weekday,17:00:00,2-Car,No injury/unknown,FAILURE TO YIELD RIGHT OF WAY,N CURRY & W VERNAL,39.179248,-86.5832,"39.179248,-86.5832",4,Clear,1,POINT (-86.5832 39.179248),0
902504613,2015-08-04,Weekday,14:00:00,2-Car,No injury/unknown,UNSAFE BACKING,W FULLERTON,39.123376,-86.58224,"39.123376,-86.58224",0,Clear,1,POINT (-86.58224 39.123376),0
902434505,2015-04-06,Weekend,19:00:00,2-Car,No injury/unknown,UNSAFE BACKING,N WALNUT,39.232544,-86.540704,"39.232544,-86.540704",0,Clear,1,POINT (-86.540704 39.232544),0
902547203,2015-10-03,Weekday,17:00:00,2-Car,Non-incapacitating,FOLLOWING TOO CLOSELY,CONSTITUTION & LIBERTY,39.14872891,-86.57591446,"39.14872891,-86.57591446",1,Heavy rain at times,2,POINT (-86.57591446 39.14872891),0
902439207,2015-05-02,Weekday,08:00:00,1-Car,No injury/unknown,DRIVER ASLEEP OR FATIGUED,S LEONARD SPRINGS & SR45W,39.14190066,-86.5828886,"39.14190066,-86.5828886",1,Clear,1,POINT (-86.5828886 39.14190066),0
902396086,2015-02-03,Weekday,10:00:00,2-Car,No injury/unknown,FAILURE TO YIELD RIGHT OF WAY,W 3RD,39.16424,-86.48434743,"39.16424,-86.48434743",6,Clear,1,POINT (-86.48434743 39.16424),0
902525211,2015-09-02,Weekday,23:00:00,2-Car,No injury/unknown,FOLLOWING TOO CLOSELY,SOUTH ROGERS & WEST GRAHAM,39.13992,-86.538416,"39.13992,-86.538416",2,Clear,1,POINT (-86.538416 39.13992),0
902447989,2015-05-03,Weekday,15:00:00,2-Car,No injury/unknown,UNSAFE BACKING,COMMON & WESTMINSTER,39.13298026,-86.52176029,"39.13298026,-86.52176029",1,Clear,1,POINT (-86.52176029 39.13298026),0
902530804,2015-09-04,Weekday,21:00:00,2-Car,No injury/unknown,IMPROPER LANE USAGE,COTTAGE GROVE & INDIANA,39.17264,-86.52880426,"39.17264,-86.52880426",40,Clear,1,POINT (-86.52880426 39.17264),0
902444315,2015-05-03,Weekday,05:00:00,1-Car,No injury/unknown,RAN OFF ROAD RIGHT,SR37S & VICTOR,39.105552,-86.551104,"39.105552,-86.551104",0,Clear,1,POINT (-86.551104 39.105552),0
902435041,2015-04-07,Weekend,22:00:00,2-Car,No injury/unknown,UNSAFE BACKING,N ROSE,39.16704632,-86.51084236,"39.16704632,-86.51084236",9,Patchy rain possible,1,POINT (-86.51084236 39.16704632),0
902489120,2015-07-01,Weekend,16:00:00,1-Car,No injury/unknown,,S WALNUT,39.15556865,-86.5336,"39.15556865,-86.5336",38,Clear,1,POINT (-86.5336 39.15556865),0
902397021,2015-02-04,Weekday,09:00:00,2-Car,No injury/unknown,UNSAFE BACKING,ODELL,39.1264008,-86.52882926,"39.1264008,-86.52882926",1,Clear,1,POINT (-86.52882926 39.1264008),0
902532210,2015-10-06,Weekend,22:00:00,Pedestrian,Non-incapacitating,FAILURE TO YIELD RIGHT OF WAY,6TH & LINCOLN,39.16768,-86.530992,"39.16768,-86.530992",42,Clear,2,POINT (-86.530992 39.16768),0
902567469,2015-11-06,Weekday,17:00:00,2-Car,No injury/unknown,FAILURE TO YIELD RIGHT OF WAY,3RD & SWAIN,39.16425012,-86.51525996,"39.16425012,-86.51525996",12,Overcast,1,POINT (-86.51525996 39.16425012),0
902527847,2015-09-06,Weekday,16:00:00,2-Car,No injury/unknown,IMPROPER LANE USAGE,E SAMPLE & SR37N,39.26753244,-86.5228128,"39.26753244,-86.5228128",0,Cloudy,1,POINT (-86.5228128 39.26753244),0
902490583,2015-07-04,Weekday,09:00:00,2-Car,No injury/unknown,SPEED TOO FAST FOR WEATHER CONDITIONS,3RD & YANCY,39.16454774,-86.56949951,"39.16454774,-86.56949951",6,Cloudy,1,POINT (-86.56949951 39.16454774),0
902382276,2015-01-04,Weekday,11:00:00,2-Car,No injury/unknown,UNSAFE BACKING,N ROSE,39.1662177,-86.51097988,"39.1662177,-86.51097988",9,Patchy rain possible,1,POINT (-86.51097988 39.1662177),0
902437344,2015-04-05,Weekday,10:00:00,2-Car,No injury/unknown,FAILURE TO YIELD RIGHT OF WAY,3RD & UNION,39.164352,-86.5088,"39.164352,-86.5088",6,Clear,1,POINT (-86.5088 39.164352),0
902434796,2015-04-07,Weekend,05:00:00,1-Car,Incapacitating,OTHER (DRIVER) - EXPLAIN IN NARRATIVE,SR45W,39.125312,-86.610496,"39.125312,-86.610496",0,Patchy rain possible,2,POINT (-86.610496 39.125312),0
902544456,2015-10-02,Weekday,13:00:00,2-Car,No injury/unknown,UNSAFE LANE MOVEMENT,N CURRY & W VERNAL,39.2003166,-86.58308029,"39.2003166,-86.58308029",0,Clear,1,POINT (-86.58308029 39.2003166),0
902539962,2015-10-05,Weekday,23:00:00,1-Car,Non-incapacitating,UNSAFE SPEED,E KIRKWOOD & S DUNN,39.16664,-86.528192,"39.16664,-86.528192",43,Clear,2,POINT (-86.528192 39.16664),0
902534491,2015-10-04,Weekday,09:00:00,2-Car,No injury/unknown,UNSAFE BACKING,12TH & INDIANA,39.174368,-86.527088,"39.174368,-86.527088",40,Cloudy,1,POINT (-86.527088 39.174368),0
902424548,2015-04-02,Weekday,14:00:00,2-Car,No injury/unknown,FOLLOWING TOO CLOSELY,ATWATER & HIGH,39.16308001,-86.50846995,"39.16308001,-86.50846995",7,Clear,1,POINT (-86.50846995 39.16308001),0
902431658,2015-04-02,Weekday,08:00:00,2-Car,No injury/unknown,DISREGARD SIGNAL/REG SIGN,ATWATER & JORDAN,39.16305243,-86.51638885,"39.16305243,-86.51638885",20,Clear,1,POINT (-86.51638885 39.16305243),0
902393904,2015-02-06,Weekday,03:00:00,2-Car,No injury/unknown,OVERCORRECTING/OVERSTEERING,E 2ND & S WASHINGTON,39.16144,-86.5324,"39.16144,-86.5324",43,Clear,1,POINT (-86.5324 39.16144),0
902393012,2015-02-05,Weekday,14:00:00,2-Car,Incapacitating,FOLLOWING TOO CLOSELY,10TH & UNION,39.171472,-86.509376,"39.171472,-86.509376",5,Clear,2,POINT (-86.509376 39.171472),0
902522931,2015-09-05,Weekday,17:00:00,2-Car,Incapacitating,FOLLOWING TOO CLOSELY,10TH & SUNRISE,39.17157993,-86.51247985,"39.17157993,-86.51247985",14,Clear,2,POINT (-86.51247985 39.17157993),0
902549319,2015-10-06,Weekday,10:00:00,2-Car,No injury/unknown,,N GATES,39.16987228,-86.57498168,"39.16987228,-86.57498168",5,Clear,1,POINT (-86.57498168 39.16987228),0
902555031,2015-11-05,Weekday,19:00:00,2-Car,No injury/unknown,FOLLOWING TOO CLOSELY,PATTERSON & W 2ND,39.16074984,-86.54850997,"39.16074984,-86.54850997",33,Overcast,1,POINT (-86.54850997 39.16074984),0
902439183,2015-05-02,Weekday,09:00:00,2-Car,No injury/unknown,FAILURE TO YIELD RIGHT OF WAY,SR46W & UNION VALLEY,39.21477514,-86.59228631,"39.21477514,-86.59228631",0,Clear,1,POINT (-86.59228631 39.21477514),0
902562452,2015-11-06,Weekend,21:00:00,1-Car,No injury/unknown,ANIMAL/OBJECT IN ROADWAY,MONROE & SR46W,39.18699904,-86.54785641,"39.18699904,-86.54785641",2,Overcast,1,POINT (-86.54785641 39.18699904),0
902542351,2015-10-01,Weekend,00:00:00,1-Car,No injury/unknown,ANIMAL/OBJECT IN ROADWAY,ACUFF & SR37N,39.20686675,-86.55469409,"39.20686675,-86.55469409",0,Clear,1,POINT (-86.55469409 39.20686675),0
902545451,2015-10-07,Weekend,08:00:00,Pedestrian,Non-incapacitating,PEDESTRIAN ACTION,KINSER & SR4546W,39.186544,-86.537888,"39.186544,-86.537888",2,Clear,2,POINT (-86.537888 39.186544),0
902382234,2015-01-04,Weekday,09:00:00,1-Car,No injury/unknown,RAN OFF ROAD RIGHT,S ROGERS & W ALLEN,39.155776,-86.538592,"39.155776,-86.538592",40,Patchy rain possible,1,POINT (-86.538592 39.155776),0
902443487,2015-05-02,Weekday,16:00:00,2-Car,No injury/unknown,,S WALNUT,39.137264,-86.529808,"39.137264,-86.529808",1,Clear,1,POINT (-86.529808 39.137264),0
902365100,2015-01-01,Weekend,15:00:00,2-Car,No injury/unknown,FOLLOWING TOO CLOSELY,SOUTH WALNUT & SOUTH WALNUT STREET,39.107344,-86.5264,"39.107344,-86.5264",0,Clear,1,POINT (-86.5264 39.107344),0
902578297,2015-12-01,Weekend,13:00:00,2-Car,No injury/unknown,OTHER (VEHICLE) - EXPLAIN IN NARRATIVE,W 6TH,39.16765061,-86.53498253,"39.16765061,-86.53498253",41,Overcast,1,POINT (-86.53498253 39.16765061),0
902546240,2015-10-02,Weekday,12:00:00,2-Car,No injury/unknown,FAILURE TO YIELD RIGHT OF WAY,E HILLSIDE & OLIVE,39.150656,-86.5188,"39.150656,-86.5188",2,Clear,1,POINT (-86.5188 39.150656),0
902500857,2015-08-07,Weekend,15:00:00,2-Car,No injury/unknown,IMPROPER TURNING,14TH & NORTH WALNUT,39.175952,-86.53344,"39.175952,-86.53344",39,Clear,1,POINT (-86.53344 39.175952),0
902523253,2015-09-03,Weekday,21:00:00,1-Car,No injury/unknown,RAN OFF ROAD RIGHT,BREEDEN & TOM PHILLIPS,39.07208387,-86.67344892,"39.07208387,-86.67344892",0,Clear,1,POINT (-86.67344892 39.07208387),0
902443644,2015-05-02,Weekday,15:00:00,2-Car,No injury/unknown,FOLLOWING TOO CLOSELY,E 10TH & SR46,39.17163351,-86.50139055,"39.17163351,-86.50139055",5,Clear,1,POINT (-86.50139055 39.17163351),0
902524460,2015-09-01,Weekend,13:00:00,2-Car,No injury/unknown,FOLLOWING TOO CLOSELY,CAVE & SR48W,39.16387512,-86.6342742,"39.16387512,-86.6342742",0,Partly cloudy,1,POINT (-86.6342742 39.16387512),0
902393118,2015-02-05,Weekday,20:00:00,Pedestrian,Non-incapacitating,OTHER (DRIVER) - EXPLAIN IN NARRATIVE,E THIRD,39.0803299,-86.51473999,"39.0803299,-86.51473999",0,Clear,2,POINT (-86.51473999 39.0803299),0
902522575,2015-09-05,Weekday,09:00:00,2-Car,No injury/unknown,UNSAFE BACKING,W 3RD,39.164848,-86.5761011,"39.164848,-86.5761011",5,Clear,1,POINT (-86.5761011 39.164848),0
902390104,2015-02-01,Weekend,04:00:00,3+ Cars,No injury/unknown,,2ND & DUNN,39.16144,-86.528288,"39.16144,-86.528288",43,Light freezing rain,1,POINT (-86.528288 39.16144),0
902550302,2015-11-01,Weekend,01:00:00,2-Car,No injury/unknown,FAILURE TO YIELD RIGHT OF WAY,E 10TH & N INDIANA,39.17168,-86.527024,"39.17168,-86.527024",40,Overcast,1,POINT (-86.527024 39.17168),0
902428462,2015-04-01,Weekend,13:00:00,1-Car,No injury/unknown,ANIMAL/OBJECT IN ROADWAY,SR37S & ZIKES,39.04670943,-86.53586743,"39.04670943,-86.53586743",0,Clear,1,POINT (-86.53586743 39.04670943),0
902487329,2015-07-05,Weekday,10:00:00,1-Car,No injury/unknown,OTHER (DRIVER) - EXPLAIN IN NARRATIVE,S WALNUT,39.13493114,-86.52778394,"39.13493114,-86.52778394",1,Partly cloudy,1,POINT (-86.52778394 39.13493114),0
902472004,2015-06-01,Weekend,10:00:00,1-Car,Non-incapacitating,OTHER (VEHICLE) - EXPLAIN IN NARRATIVE,SR446S & WALDRIP CREEK,39.06971087,-86.41607391,"39.06971087,-86.41607391",0,Overcast,2,POINT (-86.41607391 39.06971087),0
902424036,2015-04-01,Weekday,19:00:00,2-Car,No injury/unknown,FAILURE TO YIELD RIGHT OF WAY,E 9TH & N INDIANA,39.170544,-86.526992,"39.170544,-86.526992",40,Clear,1,POINT (-86.526992 39.170544),0
902438205,2015-05-06,Weekday,15:00:00,2-Car,No injury/unknown,UNSAFE BACKING,S WOODSCREST,39.16290283,-86.50295257,"39.16290283,-86.50295257",7,Clear,1,POINT (-86.50295257 39.16290283),0
902596861,2015-12-03,Weekday,17:00:00,Moped/Motorcycle,No injury/unknown,IMPROPER PASSING,SOUTH GORE & SOUTH OLD SR 37,39.032544,-86.541696,"39.032544,-86.541696",0,Clear,1,POINT (-86.541696 39.032544),0
902411646,2015-03-03,Weekday,08:00:00,2-Car,No injury/unknown,UNSAFE SPEED,DILLMAN & SR37,39.09023917,-86.54535097,"39.09023917,-86.54535097",0,Cloudy,1,POINT (-86.54535097 39.09023917),0
902566222,2015-11-04,Weekday,11:00:00,2-Car,No injury/unknown,FOLLOWING TOO CLOSELY,LOIS & ROGERS,39.12984,-86.538496,"39.12984,-86.538496",1,Clear,1,POINT (-86.538496 39.12984),0
902413842,2015-03-01,Weekend,18:00:00,2-Car,No injury/unknown,IMPROPER LANE USAGE,11TH & BLAIR,39.173344,-86.543792,"39.173344,-86.543792",40,Patchy moderate snow,1,POINT (-86.543792 39.173344),0
902558538,2015-11-02,Weekday,19:00:00,3+ Cars,Non-incapacitating,FOLLOWING TOO CLOSELY,10TH & UNION,39.171472,-86.509376,"39.171472,-86.509376",5,Clear,2,POINT (-86.509376 39.171472),0
902563194,2015-11-01,Weekend,01:00:00,2-Car,No injury/unknown,OTHER (DRIVER) - EXPLAIN IN NARRATIVE,N COLLEGE,39.17091135,-86.534768,"39.17091135,-86.534768",39,Overcast,1,POINT (-86.534768 39.17091135),0
902521609,2015-09-03,Weekday,17:00:00,3+ Cars,Incapacitating,FAILURE TO YIELD RIGHT OF WAY,RANGE & SR46N,39.171504,-86.495312,"39.171504,-86.495312",5,Clear,2,POINT (-86.495312 39.171504),0
902420009,2015-03-06,Weekday,08:00:00,2-Car,No injury/unknown,IMPROPER LANE USAGE,UNION,39.166848,-86.509296,"39.166848,-86.509296",6,Clear,1,POINT (-86.509296 39.166848),0
902616058,2015-12-04,Weekday,21:00:00,2-Car,No injury/unknown,UNSAFE BACKING,RAUBS,39.22990074,-86.635728,"39.22990074,-86.635728",1,Clear,1,POINT (-86.635728 39.22990074),0