Master Record Number,Date,Weekend?,Hour,Collision Type,Injury Type,Primary Factor,Reported_Location,Latitude,Longitude,Location,Number of Bars,Weather Condition,Severity,geometry,area_number
902414629,2015-03-03,Weekday,05:00:00,2-Car,No injury/unknown,,E 12TH & N WALNUT,39.174352,-86.533472,"39.174352,-86.533472",39,Cloudy,1,POINT (-86.533472 39.174352),0
902378796,2015-01-05,Weekday,12:00:00,2-Car,No injury/unknown,UNSAFE LANE MOVEMENT,S WALNUT & SMITH,39.162848,-86.5336,"39.162848,-86.5336",42,Clear,1,POINT (-86.5336 39.162848),0
902366662,2015-01-01,Weekday,21:00:00,2-Car,No injury/unknown,SPEED TOO FAST FOR WEATHER CONDITIONS,SOUTH CLARIZZ,39.15263367,-86.49272919,"39.15263367,-86.49272919",6,Clear,1,POINT (-86.49272919 39.15263367),0
902475560,2015-07-01,Weekend,17:00:00,2-Car,No injury/unknown,UNSAFE BACKING,E LAW,39.17297448,-86.51331469,"39.17297448,-86.51331469",13,Clear,1,POINT (-86.51331469 39.17297448),0
902411980,2015-03-04,Weekday,14:00:00,2-Car,No injury/unknown,IMPROPER LANE USAGE,N COLLEGE & W 7TH,39.16697343,-86.5348602,"39.16697343,-86.5348602",41,Heavy rain at times,1,POINT (-86.5348602 39.16697343),0
902516059,2015-09-01,Weekend,13:00:00,2-Car,No injury/unknown,OTHER (VEHICLE) - EXPLAIN IN NARRATIVE,DUNN & E KIRKWOOD,39.16664,-86.528192,"39.16664,-86.528192",43,Partly cloudy,1,POINT (-86.528192 39.16664),0
902420478,2015-03-07,Weekend,13:00:00,2-Car,No injury/unknown,UNSAFE BACKING,E 10TH,39.17638171,-86.47901486,"39.17638171,-86.47901486",2,Overcast,1,POINT (-86.47901486 39.17638171),0
902394690,2015-02-01,Weekend,12:00:00,2-Car,No injury/unknown,FAILURE TO YIELD RIGHT OF WAY,SO WESTPLEX & W 3RD,39.16440971,-86.55389986,"39.16440971,-86.55389986",10,Light freezing rain,1,POINT (-86.55389986 39.16440971),0
902397036,2015-02-04,Weekday,09:00:00,1-Car,No injury/unknown,RAN OFF ROAD RIGHT,E ATWATER & S ARBUTUS,39.16838714,-86.51218011,"39.16838714,-86.51218011",13,Clear,1,POINT (-86.51218011 39.16838714),0
902591889,2015-12-05,Weekday,15:00:00,2-Car,No injury/unknown,UNSAFE BACKING,S OLD STATE ROAD 37,39.10851331,-86.53132114,"39.10851331,-86.53132114",0,Clear,1,POINT (-86.53132114 39.10851331),0
902383630,2015-01-06,Weekday,11:00:00,2-Car,No injury/unknown,FAILURE TO YIELD RIGHT OF WAY,ROGERS & SARE,39.13584,-86.496288,"39.13584,-86.496288",0,Light freezing rain,1,POINT (-86.496288 39.13584),0
902561940,2015-11-06,Weekday,14:00:00,2-Car,No injury/unknown,FAILURE TO YIELD RIGHT OF WAY,E KIRKWOOD & S WASHINGTON,39.16664,-86.5324,"39.16664,-86.5324",43,Overcast,1,POINT (-86.5324 39.16664),0
902507294,2015-08-05,Weekday,14:00:00,Bus,No injury/unknown,UNSAFE BACKING,E 10TH,39.17161826,-86.5006487,"39.17161826,-86.5006487",5,Clear,1,POINT (-86.5006487 39.17161826),0
902539217,2015-10-05,Weekday,05:00:00,1-Car,No injury/unknown,ANIMAL/OBJECT IN ROADWAY,KINSER & SR37N,39.22007951,-86.55078479,"39.22007951,-86.55078479",0,Clear,1,POINT (-86.55078479 39.22007951),0
902543550,2015-10-03,Weekday,21:00:00,2-Car,No injury/unknown,FOLLOWING TOO CLOSELY,17TH & INDIANA,39.179024,-86.5272,"39.179024,-86.5272",33,Heavy rain at times,1,POINT (-86.5272 39.179024),0
902389175,2015-02-05,Weekday,20:00:00,2-Car,No injury/unknown,UNSAFE LANE MOVEMENT,ATWATER & HENDERSON,39.163344,-86.5272,"39.163344,-86.5272",43,Clear,1,POINT (-86.5272 39.163344),0
902522284,2015-09-04,Weekday,06:00:00,2-Car,No injury/unknown,UNSAFE BACKING,E 3RD,39.16426743,-86.50104686,"39.16426743,-86.50104686",6,Clear,1,POINT (-86.50104686 39.16426743),0
902504879,2015-08-07,Weekend,18:00:00,2-Car,No injury/unknown,UNSAFE BACKING,S WALNUT,39.170544,-86.533536,"39.170544,-86.533536",39,Clear,1,POINT (-86.533536 39.170544),0
902371285,2015-01-01,Weekend,10:00:00,2-Car,No injury/unknown,IMPROPER LANE USAGE,7TH & WALNUT,39.16864,-86.533568,"39.16864,-86.533568",41,Clear,1,POINT (-86.533568 39.16864),0
902418014,2015-03-02,Weekday,18:00:00,2-Car,No injury/unknown,UNSAFE BACKING,W 17TH,39.17896,-86.53472,"39.17896,-86.53472",33,Partly cloudy,1,POINT (-86.53472 39.17896),0
902454085,2015-05-07,Weekend,16:00:00,2-Car,No injury/unknown,SPEED TOO FAST FOR WEATHER CONDITIONS,W HEATHERWOOD,39.126592,-86.59038848,"39.126592,-86.59038848",0,Clear,1,POINT (-86.59038848 39.126592),0
902404474,2015-02-07,Weekend,21:00:00,2-Car,No injury/unknown,FOLLOWING TOO CLOSELY,ALLEN & PATTERSON,39.15563017,-86.54330983,"39.15563017,-86.54330983",39,Clear,1,POINT (-86.54330983 39.15563017),0
902472315,2015-06-03,Weekday,06:00:00,2-Car,No injury/unknown,DISREGARD SIGNAL/REG SIGN,KIRKWOOD & ROGERS,39.166672,-86.538608,"39.166672,-86.538608",43,Clear,1,POINT (-86.538608 39.166672),0
902526315,2015-09-04,Weekday,15:00:00,2-Car,No injury/unknown,UNSAFE BACKING,EAST 10TH,39.17156383,-86.51814334,"39.17156383,-86.51814334",32,Clear,1,POINT (-86.51814334 39.17156383),0
902413233,2015-03-06,Weekend,23:00:00,2-Car,No injury/unknown,OTHER (DRIVER) - EXPLAIN IN NARRATIVE,WALNUT,39.16464,-86.5336,"39.16464,-86.5336",42,Clear,1,POINT (-86.5336 39.16464),0
902557002,2015-11-01,Weekday,21:00:00,1-Car,No injury/unknown,ANIMAL/OBJECT IN ROADWAY,SR37 & VICTOR,39.10538206,-86.55095458,"39.10538206,-86.55095458",0,Overcast,1,POINT (-86.55095458 39.10538206),0
902472417,2015-06-03,Weekday,10:00:00,1-Car,No injury/unknown,UNSAFE BACKING,THIRTEENTH & WOODLAWN,39.17518886,-86.5235621,"39.17518886,-86.5235621",40,Clear,1,POINT (-86.5235621 39.17518886),0
902591529,2015-12-05,Weekday,07:00:00,1-Car,No injury/unknown,RAN OFF ROAD RIGHT,E WINSLOW,39.136144,-86.52418483,"39.136144,-86.52418483",1,Clear,1,POINT (-86.52418483 39.136144),0
902506021,2015-08-02,Weekday,22:00:00,2-Car,No injury/unknown,FAILURE TO YIELD RIGHT OF WAY,FEE & NORTH JORDAN,39.18384,-86.5192,"39.18384,-86.5192",0,Clear,1,POINT (-86.5192 39.18384),0
902521164,2015-09-03,Weekday,10:00:00,2-Car,No injury/unknown,UNSAFE BACKING,E CREEKS EDGE,39.12821665,-86.50074921,"39.12821665,-86.50074921",0,Clear,1,POINT (-86.50074921 39.12821665),0
902514225,2015-09-05,Weekday,11:00:00,2-Car,No injury/unknown,FAILURE TO YIELD RIGHT OF WAY,DANIELS WAY & STATE ROAD 48,39.15422548,-86.59909978,"39.15422548,-86.59909978",1,Clear,1,POINT (-86.59909978 39.15422548),0
902388683,2015-02-05,Weekday,23:00:00,3+ Cars,Incapacitating,LEFT OF CENTER,EAST 20TH & NORTH LINCOLN,39.181744,-86.530192,"39.181744,-86.530192",10,Clear,2,POINT (-86.530192 39.181744),0
902379768,2015-01-06,Weekend,22:00:00,1-Car,No injury/unknown,ANIMAL/OBJECT IN ROADWAY,BRIGHTON & WAMPLER,39.33448,-86.614368,"39.33448,-86.614368",0,Patchy moderate snow,1,POINT (-86.614368 39.33448),0
902442213,2015-05-06,Weekday,15:00:00,3+ Cars,No injury/unknown,FAILURE TO YIELD RIGHT OF WAY,N WALNUT,39.186368,-86.5344,"39.186368,-86.5344",2,Clear,1,POINT (-86.5344 39.186368),0
902395428,2015-02-02,Weekday,12:00:00,1-Car,No injury/unknown,SPEED TOO FAST FOR WEATHER CONDITIONS,SR37N & WAYPORT,39.26167132,-86.52280192,"39.26167132,-86.52280192",0,Overcast,1,POINT (-86.52280192 39.26167132),0
902393300,2015-02-06,Weekday,08:00:00,1-Car,No injury/unknown,VIEW OBSTRUCTED,6TH & ELM,39.167712,-86.5452,"39.167712,-86.5452",40,Clear,1,POINT (-86.5452 39.167712),0
902519763,2015-09-07,Weekend,12:00:00,2-Car,Incapacitating,FAILURE TO YIELD RIGHT OF WAY,AIRPORT & BUNGER,39.136848,-86.606,"39.136848,-86.606",0,Clear,2,POINT (-86.606 39.136848),0
902521110,2015-09-03,Weekday,08:00:00,2-Car,No injury/unknown,OTHER (DRIVER) - EXPLAIN IN NARRATIVE,NORTH LINCOLN,39.17081214,-86.53109505,"39.17081214,-86.53109505",40,Clear,1,POINT (-86.53109505 39.17081214),0
902455256,2015-06-02,Weekday,21:00:00,2-Car,No injury/unknown,FOLLOWING TOO CLOSELY,45 46 & SR37N,39.17571044,-86.52841186,"39.17571044,-86.52841186",40,Partly cloudy,1,POINT (-86.52841186 39.17571044),0
902441738,2015-05-06,Weekday,01:00:00,1-Car,No injury/unknown,RAN OFF ROAD RIGHT,HILLSIDE & WALNUT,39.150544,-86.5336,"39.150544,-86.5336",4,Clear,1,POINT (-86.5336 39.150544),0
902460765,2015-06-05,Weekday,12:00:00,2-Car,No injury/unknown,IMPROPER PASSING,E KIRKWOOD & S DUNN,39.16664,-86.528192,"39.16664,-86.528192",43,Partly cloudy,1,POINT (-86.528192 39.16664),0
902444813,2015-05-03,Weekday,16:00:00,2-Car,No injury/unknown,FOLLOWING TOO CLOSELY,N CURRY & W PROFILE,39.17196013,-86.58297105,"39.17196013,-86.58297105",5,Clear,1,POINT (-86.58297105 39.17196013),0
902515090,2015-09-06,Weekday,16:00:00,2-Car,No injury/unknown,UNSAFE BACKING,17TH & N JORDAN,39.178848,-86.511088,"39.178848,-86.511088",4,Cloudy,1,POINT (-86.511088 39.178848),0
902490428,2015-07-02,Weekday,20:00:00,1-Car,Non-incapacitating,RAN OFF ROAD RIGHT,N THOMAS & W VERNAL,39.18904,-86.630096,"39.18904,-86.630096",0,Moderate rain at times,2,POINT (-86.630096 39.18904),0
902364664,2015-01-06,Weekday,18:00:00,2-Car,No injury/unknown,FAILURE TO YIELD RIGHT OF WAY,BURKS & WALNUT,39.12666969,-86.53136998,"39.12666969,-86.53136998",1,Light freezing rain,1,POINT (-86.53136998 39.12666969),0
902546933,2015-10-03,Weekday,11:00:00,2-Car,No injury/unknown,OVERCORRECTING/OVERSTEERING,BASSWOOD & BLOOMFIELD,39.14977205,-86.56891458,"39.14977205,-86.56891458",2,Heavy rain at times,1,POINT (-86.56891458 39.14977205),0
902464445,2015-06-02,Weekday,22:00:00,Moped/Motorcycle,Incapacitating,UNSAFE SPEED,E MONROE DAM & S VALLEY MISSION,39.009344,-86.510096,"39.009344,-86.510096",0,Overcast,2,POINT (-86.510096 39.009344),0
902491555,2015-07-05,Weekday,15:00:00,2-Car,No injury/unknown,UNSAFE BACKING,MELVILLE & ROCK CREEK,39.17512626,-86.50022014,"39.17512626,-86.50022014",5,Partly cloudy,1,POINT (-86.50022014 39.17512626),0
902463499,2015-05-05,Weekday,22:00:00,1-Car,No injury/unknown,RAN OFF ROAD RIGHT,TOWER & W ISON,39.104944,-86.61032,"39.104944,-86.61032",0,Clear,1,POINT (-86.61032 39.104944),0
902393958,2015-02-06,Weekend,22:00:00,1-Car,Non-incapacitating,OTHER (DRIVER) - EXPLAIN IN NARRATIVE,S COLLEGE,39.16115717,-86.53485253,"39.16115717,-86.53485253",42,Clear,2,POINT (-86.53485253 39.16115717),0
902575189,2015-12-03,Weekday,13:00:00,2-Car,No injury/unknown,FAILURE TO YIELD RIGHT OF WAY,SR45W & W INDUSTRIAL,39.143552,-86.580528,"39.143552,-86.580528",1,Clear,1,POINT (-86.580528 39.143552),0
902547655,2015-10-04,Weekday,07:00:00,2-Car,Incapacitating,OTHER (DRIVER) - EXPLAIN IN NARRATIVE,PATTERSON & ROGERS,39.15379018,-86.53875008,"39.15379018,-86.53875008",29,Cloudy,2,POINT (-86.53875008 39.15379018),0
902413734,2015-03-07,Weekend,11:00:00,2-Car,No injury/unknown,UNSAFE LANE MOVEMENT,LIBERTY,39.145264,-86.577616,"39.145264,-86.577616",1,Overcast,1,POINT (-86.577616 39.145264),0
902429470,2015-04-04,Weekday,15:00:00,2-Car,No injury/unknown,IMPROPER LANE USAGE,EAST 17TH,39.17906597,-86.52582384,"39.17906597,-86.52582384",33,Cloudy,1,POINT (-86.52582384 39.17906597),0
902515922,2015-09-01,Weekday,21:00:00,Bus,No injury/unknown,LEFT OF CENTER,E UNIVERSITY & JORDAN,39.13900321,-86.51638984,"39.13900321,-86.51638984",2,Partly cloudy,1,POINT (-86.51638984 39.13900321),0
902389547,2015-02-05,Weekday,13:00:00,2-Car,No injury/unknown,UNSAFE BACKING,W SIERRA,39.15266671,-86.58359594,"39.15266671,-86.58359594",2,Clear,1,POINT (-86.58359594 39.15266671),0
902544361,2015-10-06,Weekday,00:00:00,1-Car,No injury/unknown,RAN OFF ROAD RIGHT,MT CARMEL & STINESVILLE,39.29611928,-86.65930657,"39.29611928,-86.65930657",0,Clear,1,POINT (-86.65930657 39.29611928),0
902462110,2015-06-06,Weekend,19:00:00,1-Car,No injury/unknown,ANIMAL/OBJECT IN ROADWAY,DOYLE & S CURRY,39.158352,-86.582752,"39.158352,-86.582752",4,Clear,1,POINT (-86.582752 39.158352),0
902523451,2015-09-06,Weekday,12:00:00,2-Car,No injury/unknown,FOLLOWING TOO CLOSELY,THIRD,39.164752,-86.573104,"39.164752,-86.573104",5,Cloudy,1,POINT (-86.573104 39.164752),0
902438669,2015-05-07,Weekend,12:00:00,2-Car,No injury/unknown,UNSAFE BACKING,WEST 3RD,39.16513824,-86.5824356,"39.16513824,-86.5824356",5,Clear,1,POINT (-86.5824356 39.16513824),0
902388149,2015-02-05,Weekday,12:00:00,2-Car,No injury/unknown,IMPROPER PASSING,3RD & S LINCOLN,39.16464,-86.531024,"39.16464,-86.531024",43,Clear,1,POINT (-86.531024 39.16464),0
902459502,2015-06-03,Weekday,08:00:00,2-Car,No injury/unknown,UNSAFE LANE MOVEMENT,10TH & SR46N,39.17189797,-86.5022422,"39.17189797,-86.5022422",5,Clear,1,POINT (-86.5022422 39.17189797),0
902527842,2015-09-06,Weekend,19:00:00,2-Car,No injury/unknown,FOLLOWING TOO CLOSELY,10TH & JORDAN,39.17156345,-86.51678644,"39.17156345,-86.51678644",24,Cloudy,1,POINT (-86.51678644 39.17156345),0
902513974,2015-09-04,Weekday,22:00:00,2-Car,No injury/unknown,FOLLOWING TOO CLOSELY,3RD & JORDAN,39.16424,-86.5164,"39.16424,-86.5164",19,Clear,1,POINT (-86.5164 39.16424),0
902541198,2015-10-01,Weekend,12:00:00,2-Car,No injury/unknown,IMPROPER TURNING,15TH & NORTH WALNUT,39.176848,-86.533424,"39.176848,-86.533424",39,Clear,1,POINT (-86.533424 39.176848),0
902487135,2015-07-02,Weekday,21:00:00,1-Car,No injury/unknown,ANIMAL/OBJECT IN ROADWAY,S ROCKPORT & W MAY,39.093344,-86.5868,"39.093344,-86.5868",0,Moderate rain at times,1,POINT (-86.5868 39.093344),0
902434489,2015-04-07,Weekend,00:00:00,2-Car,No injury/unknown,FAILURE TO YIELD RIGHT OF WAY,10TH & WOODLAWN,39.171632,-86.523536,"39.171632,-86.523536",40,Patchy rain possible,1,POINT (-86.523536 39.171632),0
902493910,2015-08-02,Weekday,13:00:00,2-Car,No injury/unknown,IMPROPER LANE USAGE,S COLLEGE & W 4TH,39.16558988,-86.53488971,"39.16558988,-86.53488971",42,Clear,1,POINT (-86.53488971 39.16558988),0
902587037,2015-12-01,Weekend,11:00:00,2-Car,No injury/unknown,FAILURE TO YIELD RIGHT OF WAY,E 5TH & S JEFFERSON,39.166848,-86.506992,"39.166848,-86.506992",6,Overcast,1,POINT (-86.506992 39.166848),0
902521647,2015-09-03,Weekday,19:00:00,2-Car,Incapacitating,FAILURE TO YIELD RIGHT OF WAY,COLLEGE & E 3RD,39.16464,-86.534816,"39.16464,-86.534816",42,Clear,2,POINT (-86.534816 39.16464),0
902449804,2015-05-06,Weekday,13:00:00,2-Car,Non-incapacitating,FAILURE TO YIELD RIGHT OF WAY,2ND & WALKER,39.16142978,-86.54614023,"39.16142978,-86.54614023",36,Clear,2,POINT (-86.54614023 39.16142978),0
902408599,2015-03-05,Weekday,20:00:00,2-Car,No injury/unknown,FOLLOWING TOO CLOSELY,10TH & JORDAN,39.171552,-86.515728,"39.171552,-86.515728",14,Overcast,1,POINT (-86.515728 39.171552),0
902379946,2015-01-07,Weekend,10:00:00,1-Car,No injury/unknown,RAN OFF ROAD RIGHT,BRUMMETTS & SR45E,39.22039032,-86.41105651,"39.22039032,-86.41105651",0,Overcast,1,POINT (-86.41105651 39.22039032),0
902507348,2015-08-05,Weekday,17:00:00,2-Car,No injury/unknown,FOLLOWING TOO CLOSELY,VERMILYA & WALNUT,39.148928,-86.53312,"39.148928,-86.53312",4,Clear,1,POINT (-86.53312 39.148928),0
902379517,2015-01-06,Weekday,17:00:00,2-Car,No injury/unknown,OTHER (DRIVER) - EXPLAIN IN NARRATIVE,W 2ND,39.16153611,-86.53976784,"39.16153611,-86.53976784",43,Light freezing rain,1,POINT (-86.53976784 39.16153611),0
902425572,2015-04-03,Weekday,13:00:00,1-Car,No injury/unknown,SPEED TOO FAST FOR WEATHER CONDITIONS,PINE GROVE & SR446,39.11605361,-86.42871846,"39.11605361,-86.42871846",1,Heavy rain at times,1,POINT (-86.42871846 39.11605361),0
902527014,2015-09-03,Weekday,18:00:00,2-Car,No injury/unknown,UNSAFE BACKING,W FLATWOODS,39.25258733,-86.677083,"39.25258733,-86.677083",0,Clear,1,POINT (-86.677083 39.25258733),0
902487616,2015-07-05,Weekday,14:00:00,2-Car,No injury/unknown,FOLLOWING TOO CLOSELY,CURRY & DOYLE,39.158352,-86.582752,"39.158352,-86.582752",4,Partly cloudy,1,POINT (-86.582752 39.158352),0
902383838,2015-01-06,Weekday,15:00:00,3+ Cars,Non-incapacitating,FOLLOWING TOO CLOSELY,E EASTGATE & SR46S,39.17007363,-86.50130881,"39.17007363,-86.50130881",5,Light freezing rain,2,POINT (-86.50130881 39.17007363),0
902421968,2015-03-03,Weekday,20:00:00,2-Car,No injury/unknown,FOLLOWING TOO CLOSELY,S OLD STATE ROAD 37 & SR37S,39.085632,-86.542304,"39.085632,-86.542304",0,Cloudy,1,POINT (-86.542304 39.085632),0
902421321,2015-03-02,Weekday,14:00:00,2-Car,No injury/unknown,FAILURE TO YIELD RIGHT OF WAY,2ND & SR46W,39.232064,-86.622176,"39.232064,-86.622176",1,Partly cloudy,1,POINT (-86.622176 39.232064),0
902468175,2015-06-03,Weekday,07:00:00,1-Car,No injury/unknown,OTHER (DRIVER) - EXPLAIN IN NARRATIVE,N MORTON,39.16786971,-86.536,"39.16786971,-86.536",42,Clear,1,POINT (-86.536 39.16786971),0
902568510,2015-11-07,Weekend,16:00:00,2-Car,No injury/unknown,FAILURE TO YIELD RIGHT OF WAY,S CURRY & SR45W,39.142048,-86.582592,"39.142048,-86.582592",1,Cloudy,1,POINT (-86.582592 39.142048),0
902390972,2015-02-02,Weekday,11:00:00,2-Car,No injury/unknown,,N RANGE,39.17975117,-86.49529366,"39.17975117,-86.49529366",1,Overcast,1,POINT (-86.49529366 39.17975117),0
902527147,2015-09-05,Weekday,19:00:00,3+ Cars,No injury/unknown,FOLLOWING TOO CLOSELY,EAST 10TH & NORTH WALNUT,39.171744,-86.53352,"39.171744,-86.53352",39,Clear,1,POINT (-86.53352 39.171744),0
902455887,2015-06-03,Weekday,22:00:00,Moped/Motorcycle,Fatal,RAN OFF ROAD RIGHT,SR37S & STATE ROAD 45,39.25213398,-86.57504272,"39.25213398,-86.57504272",0,Clear,3,POINT (-86.57504272 39.25213398),0
902496278,2015-08-06,Weekday,15:00:00,2-Car,No injury/unknown,UNSAFE BACKING,W BLOOMFIELD,39.15998862,-86.55307876,"39.15998862,-86.55307876",11,Moderate rain at times,1,POINT (-86.55307876 39.15998862),0
902518355,2015-08-02,Weekday,16:00:00,2-Car,No injury/unknown,FAILURE TO YIELD RIGHT OF WAY,E RHORER & S WALNUT STREET,39.12144,-86.526496,"39.12144,-86.526496",0,Clear,1,POINT (-86.526496 39.12144),0
902388588,2015-02-04,Weekday,10:00:00,2-Car,No injury/unknown,OTHER (DRIVER) - EXPLAIN IN NARRATIVE,SOUTH WALNUT,39.14213562,-86.52915191,"39.14213562,-86.52915191",2,Clear,1,POINT (-86.52915191 39.14213562),0
902398607,2015-02-06,Weekday,08:00:00,2-Car,No injury/unknown,UNSAFE BACKING,SOUTH COPPER BEACH,39.15565833,-86.57005816,"39.15565833,-86.57005816",5,Clear,1,POINT (-86.57005816 39.15565833),0
902385987,2015-02-03,Weekday,09:00:00,2-Car,No injury/unknown,FOLLOWING TOO CLOSELY,KIMBLE & W 3RD,39.16464,-86.568,"39.16464,-86.568",5,Clear,1,POINT (-86.568 39.16464),0
902465642,2015-06-06,Weekday,00:00:00,2-Car,Incapacitating,WRONG WAY ON ONE WAY,17TH & SR46E,39.18226243,-86.51045827,"39.18226243,-86.51045827",1,Clear,2,POINT (-86.51045827 39.18226243),0
902388259,2015-02-04,Weekday,21:00:00,1-Car,No injury/unknown,SPEED TOO FAST FOR WEATHER CONDITIONS,EAST ROGERS & SOUTH SMITH,39.13584,-86.480496,"39.13584,-86.480496",0,Clear,1,POINT (-86.480496 39.13584),0
902393906,2015-02-05,Weekday,15:00:00,2-Car,No injury/unknown,DRIVER DISTRACTED - EXPLAIN IN NARRATIVE,SR37N & VERNAL,39.17617467,-86.56292242,"39.17617467,-86.56292242",3,Clear,1,POINT (-86.56292242 39.17617467),0
902404624,2015-02-04,Weekday,14:00:00,1-Car,No injury/unknown,OTHER (VEHICLE) - EXPLAIN IN NARRATIVE,S LEONARD SPRINGS,39.133808,-86.58258358,"39.133808,-86.58258358",1,Clear,1,POINT (-86.58258358 39.133808),0
902434274,2015-04-06,Weekday,14:00:00,2-Car,No injury/unknown,FOLLOWING TOO CLOSELY,NORTH KINSER & WEST GOURLEY,39.185392,-86.537856,"39.185392,-86.537856",2,Clear,1,POINT (-86.537856 39.185392),0
902551213,2015-11-01,Weekend,17:00:00,2-Car,No injury/unknown,FOLLOWING TOO CLOSELY,SOUTH PATTERSON & WEST 3RD,39.16344009,-86.55128002,"39.16344009,-86.55128002",24,Overcast,1,POINT (-86.55128002 39.16344009),0
902439802,2015-05-03,Weekday,09:00:00,2-Car,Incapacitating,FOLLOWING TOO CLOSELY,SR37S & SR45W,39.187344,-86.5552,"39.187344,-86.5552",1,Clear,2,POINT (-86.5552 39.187344),0
902556321,2015-11-07,Weekend,14:00:00,2-Car,No injury/unknown,FOLLOWING TOO CLOSELY,KINSER & SR45,39.186772,-86.54317373,"39.186772,-86.54317373",2,Cloudy,1,POINT (-86.54317373 39.186772),0
902514043,2015-08-03,Weekday,09:00:00,2-Car,No injury/unknown,OVERCORRECTING/OVERSTEERING,ADAMS,39.164544,-86.552192,"39.164544,-86.552192",19,Clear,1,POINT (-86.552192 39.164544),0